event_labels	filename
explosion	CI0jX5TMs0Q#457#467
explosion	MZjZEVgQmno#21#31
fire_crackling	00wUFSUwR-g#373#383
fire_crackling	5qnD8Th48-g#532#542
fire_crackling	5RwI4sSdXTY#1020#1030
fire_crackling	d63_HiUdKj0#2325#2335
fire_crackling	DGRrsv-WC4Q#1573#1583
fire_crackling	hv9P22XX92g#15210#15220
fire_crackling	Jil0rnSqVXc#1058#1068
fire_crackling	rpqHGiTPjrQ#2183#2193
fire_crackling	Sap5NRu2s8k#2045#2055
fire_crackling	tvNdPc7ed90#1463#1473
fire_crackling	uWfwDnroMEA#13590#13600
fire_crackling	xvxr2AaH9Eg#238#248
fire_crackling	ybnLiuOk7k8#393#403
fire_crackling	zEN_9bHU96U#3817#3827
fire_crackling	_2ioOlo0u5I#19826#19836
raining	8eIGZPwqT2U#12581#12591
raining	cFRcqnCpqoo#8794#8804
raining	FPLu193PaeU#15035#15045
raining	gr8O0eOvZ-0#7266#7276
raining	jnURXue9HV0#2825#2835
raining	KDfl7SmqXd4#2270#2280
raining	MVnD0FRrBnk#134#144
raining	ob4QMUKpbUk#706#716
raining	R6bEJT5xIM0#2855#2865
raining	s46QOip04bI#11291#11301
raining	UOGaC9QlHaE#948#958
raining	vDisiLXqCB0#592#602
raining	W0bk_17JKSk#32755#32765
raining	wmv8gAVaIHI#1478#1488
raining	YfIZ8c36BO0#2569#2579
splashing_water	1NikaGNdoTE#13214#13224
splashing_water	1Te6cgIc7i8#20188#20198
splashing_water	3eMsOo3Nbfg#92#102
splashing_water	3y3TXbkX_8k#1988#1998
splashing_water	6sZz43jz8w8#1029#1039
splashing_water	74_vdVpDN7M#39#49
splashing_water	B8zBtzYYBDc#2825#2835
splashing_water	bn9F19Hi1Lk#29314#29324
splashing_water	Bzdd9UoSevY#800#810
splashing_water	EAZusFY0v2w#13409#13419
splashing_water	GffeSIOPIro#1486#1496
splashing_water	KPhJYSMXH4I#965#975
splashing_water	W22UrX75rBs#554#564
splashing_water	Xn8tufsbSz0#5498#5508
squishing_water	0qEOlwW3MjU#27370#27380
squishing_water	1Ef9CAZ3OrQ#9993#10003
squishing_water	5iLESlcQwpk#4831#4841
squishing_water	7DUKPsyzx0E#4629#4639
squishing_water	aheh-y5_sFk#1131#1141
squishing_water	bSbb-Wxn0uE#33540#33550
squishing_water	C_aEYm2oe4k#5043#5053
squishing_water	fEe7xEmfkAo#30565#30575
squishing_water	LydoK7hXKbs#9523#9533
squishing_water	NOFZqZeaJ_A#12494#12504
squishing_water	qTNTZ8CVAX4#27224#27234
squishing_water	VmAdBqMz7V8#6005#6015
squishing_water	Wver_dJ-X5c#9500#9510
squishing_water	Z_-yFqwP89g#1529#1539
squishing_water	_lrxK8TDM_M#4758#4768
thunder	-WrD5DwI6_4#8410#8420
thunder	0W1h05JCqTw#796#806
thunder	8ZK9NHwpi7I#26177#26187
thunder	CRtLJ0dS6C4#8161#8171
thunder	qYDfWUxhsIY#4172#4182
thunder	vU3misJFgTI#19051#19061
thunder	xytAfoU1d78#29845#29855
thunder	ZcL-2m0BlnY#2205#2215
underwater_bubbling	-4btXeiiBek#404#414
underwater_bubbling	1i79N_6wuIA#3290#3300
underwater_bubbling	8gORgKNAJAc#18#28
underwater_bubbling	Fb7ybBHo2oY#183#193
underwater_bubbling	fKgWkA07LmM#219#229
underwater_bubbling	fZy7gH0a7-Q#447#457
underwater_bubbling	gLSl6kS4htE#378#388
underwater_bubbling	pNC1gD5jKIM#7154#7164
underwater_bubbling	qO25aTLGl10#28#38
underwater_bubbling	srlEjOqV2tE#450#460
underwater_bubbling	VqLrZ36k7Z0#281#291
underwater_bubbling	WphyHLsqV7s#65#75
waterfall_burbling	0ioN_Xwap-g#36797#36807
waterfall_burbling	csCkPOCZdTM#14625#14635
waterfall_burbling	kg3ElG-H7Wo#7374#7384
waterfall_burbling	MsArDMDZi5I#26179#26189
waterfall_burbling	UNSKJC2yv6I#8758#8768
wind_noise	2dkilldNRJE#3717#3727
wind_noise	3hbpuIyM-04#25433#25443
wind_noise	63pMuqP1FpU#10834#10844
wind_noise	7BrIJrjxVxA#29788#29798
wind_noise	98j0V5ftlpE#2241#2251
wind_noise	CQSfI_tXZLY#26717#26727
wind_noise	fJ2cHCMwSno#22376#22386
wind_noise	jG-cNHeHcEI#3480#3490
wind_noise	k9XhLmcwG_0#2551#2561
wind_noise	ltkhJhNo6a8#34202#34212
wind_noise	TxRbeh_YEDY#2135#2145
wind_noise	V8sjMUBz_M0#5438#5448
wind_noise	Zvp0WXVWFWE#920#930
wind_noise	_x0fo9WU71M#2466#2476
explosion	CI0jX5TMs0Q#373#383
explosion	CI0jX5TMs0Q#458#468
explosion	Ezmqd42xLyA#139#149
explosion	Ezmqd42xLyA#40#50
explosion	Ezmqd42xLyA#48#58
explosion	Ezmqd42xLyA#534#544
explosion	iv5g2MhPT5I#10#20
explosion	iv5g2MhPT5I#31#41
explosion	MZjZEVgQmno#16#26
explosion	vIh4aLX3cZQ#19#29
fire_crackling	-63BKyf0mL0#1052#1062
fire_crackling	-7tUj4-k2A8#4012#4022
fire_crackling	-dqOEKoty4g#3771#3781
fire_crackling	-nsTT5nCBss#339#349
fire_crackling	00wUFSUwR-g#480#490
fire_crackling	0yfH53kBiYA#1404#1414
fire_crackling	1zLPRzK19GQ#3429#3439
fire_crackling	200Evg4ndJk#3230#3240
fire_crackling	3cfFMcj4Guw#25193#25203
fire_crackling	3E4BQh8Fjd0#737#747
fire_crackling	3Taml8RzvQA#1648#1658
fire_crackling	3VJ7YhJD0Nw#1672#1682
fire_crackling	4cw0bdhMLvw#351#361
fire_crackling	4eUHmowq4C4#2845#2855
fire_crackling	4Z_rJW9Mpqg#5280#5290
fire_crackling	4Z_rJW9Mpqg#9993#10003
fire_crackling	5aXGmmUQ2Wk#5758#5768
fire_crackling	5RwI4sSdXTY#531#541
fire_crackling	6j3hPg0t5fo#7723#7733
fire_crackling	7lcNXqR2RyA#9967#9977
fire_crackling	7pTdGR46ZKA#10694#10704
fire_crackling	8RpuokwwS80#21526#21536
fire_crackling	9f9eFPHEyJI#284#294
fire_crackling	9f9eFPHEyJI#411#421
fire_crackling	acDfw2IJvtM#1768#1778
fire_crackling	AWKzr6n0ea0#20519#20529
fire_crackling	bbLDfueL7eU#2734#2744
fire_crackling	BCkmwOeiAFY#288#298
fire_crackling	BCkmwOeiAFY#779#789
fire_crackling	bhmJa8YYTow#16922#16932
fire_crackling	bmGsQkLb4yg#1550#1560
fire_crackling	ButGYDxsYus#1088#1098
fire_crackling	ButGYDxsYus#1296#1306
fire_crackling	cl9ldKhmwj4#161#171
fire_crackling	CLmvyz_HfGo#2028#2038
fire_crackling	CNG6oys6pf4#15#25
fire_crackling	CuiXfhfKSr8#298#308
fire_crackling	DBz6v0AZEnM#352#362
fire_crackling	DBz6v0AZEnM#906#916
fire_crackling	DGRrsv-WC4Q#2629#2639
fire_crackling	dNIXArIM8Es#20250#20260
fire_crackling	dNIXArIM8Es#7339#7349
fire_crackling	E77jmtut1Zc#5309#5319
fire_crackling	eCw2tqzSnz0#1004#1014
fire_crackling	eCw2tqzSnz0#1458#1468
fire_crackling	eil_-SkuKGk#4830#4840
fire_crackling	eil_-SkuKGk#90#100
fire_crackling	eyU3bRy2x44#8878#8888
fire_crackling	fIswAt1vBZ8#949#959
fire_crackling	fovSNCoYfbY#677#687
fire_crackling	Ftm2uv7-Ybw#11129#11139
fire_crackling	gB3XH5t9QCA#9991#10001
fire_crackling	GEbQVdX-YZM#12389#12399
fire_crackling	geDhhWvl1II#730#740
fire_crackling	gPZmntf3YO8#2055#2065
fire_crackling	gPZmntf3YO8#5585#5595
fire_crackling	gsStQ-L7oUM#1079#1089
fire_crackling	HGuURKo5O2s#160#170
fire_crackling	I3CrGL2ymFU#445#455
fire_crackling	I3CrGL2ymFU#922#932
fire_crackling	IJCWC6JSTUA#451#461
fire_crackling	ILwAMeERBdE#481#491
fire_crackling	iOyOk7TlH9Q#25290#25300
fire_crackling	iOyOk7TlH9Q#7275#7285
fire_crackling	JM8GuKJtlNo#4929#4939
fire_crackling	kc4HBytSiAE#9349#9359
fire_crackling	KuZDrhMXsBk#235#245
fire_crackling	lidaZTgPTaw#23263#23273
fire_crackling	Lk5bEoyAsHg#22949#22959
fire_crackling	LYF2VzCN0os#3565#3575
fire_crackling	M2Vwi0dFs7g#4486#4496
fire_crackling	M2Vwi0dFs7g#5915#5925
fire_crackling	M58Dlu6TWN0#5031#5041
fire_crackling	mJXg8yr4fxE#1123#1133
fire_crackling	n3WIN3j9Sfg#23776#23786
fire_crackling	n3WIN3j9Sfg#31253#31263
fire_crackling	Oax-pmhkEOI#2967#2977
fire_crackling	Oax-pmhkEOI#4045#4055
fire_crackling	PBLbZHe2z0s#100#110
fire_crackling	PBLbZHe2z0s#567#577
fire_crackling	PNWWuQbjaA8#17119#17129
fire_crackling	PNWWuQbjaA8#27235#27245
fire_crackling	pW4VVZ-ljbw#8094#8104
fire_crackling	pZr_kMdRSLE#1671#1681
fire_crackling	qsOUv9EzKsg#2116#2126
fire_crackling	qsOUv9EzKsg#8488#8498
fire_crackling	quYru3pzhYo#18712#18722
fire_crackling	quYru3pzhYo#6625#6635
fire_crackling	qv9vwXfq3hE#974#984
fire_crackling	RZ25o_0IJB4#2737#2747
fire_crackling	Sap5NRu2s8k#896#906
fire_crackling	suk9cR7c_S4#13405#13415
fire_crackling	SwQ_gN7Sv_k#3587#3597
fire_crackling	Te7Eb9Gdtr0#22#32
fire_crackling	tfMe4C-SM6Y#4556#4566
fire_crackling	toB2JvP6vvg#2214#2224
fire_crackling	tvNdPc7ed90#8753#8763
fire_crackling	tW0vtLHuxe8#29#39
fire_crackling	UgHKb_7884o#22102#22112
fire_crackling	UgHKb_7884o#25446#25456
fire_crackling	Uk9b3Uts_Og#6619#6629
fire_crackling	V2XM-bBY9kY#132#142
fire_crackling	V2XM-bBY9kY#334#344
fire_crackling	VgG_JK38L4w#4384#4394
fire_crackling	VgG_JK38L4w#6022#6032
fire_crackling	vgiasoMVyCM#2454#2464
fire_crackling	VGlYxtkZUXI#36235#36245
fire_crackling	VGlYxtkZUXI#4404#4414
fire_crackling	VkLXOS05Jhc#855#865
fire_crackling	vr4sAvPSpEA#3583#3593
fire_crackling	vwH6d7YXnvs#329#339
fire_crackling	VzWLCnzfeQs#1384#1394
fire_crackling	VzWLCnzfeQs#7518#7528
fire_crackling	w7ZHmrTHnB4#519#529
fire_crackling	WAxIJjlUnTo#2501#2511
fire_crackling	WAxIJjlUnTo#5016#5026
fire_crackling	wEfHStYw4cM#257#267
fire_crackling	wIvttt5mKLo#3334#3344
fire_crackling	WuHSBSLK3_A#11074#11084
fire_crackling	WuHSBSLK3_A#4451#4461
fire_crackling	wwOoUo5cnVg#147#157
fire_crackling	wwOoUo5cnVg#543#553
fire_crackling	Wx8QnMURvB4#1558#1568
fire_crackling	Wx8QnMURvB4#162#172
fire_crackling	X2R_y4GGsqo#83#93
fire_crackling	XC1-twtcejo#8326#8336
fire_crackling	XuHiac24LjY#7000#7010
fire_crackling	Y1y9GAjuSt8#23955#23965
fire_crackling	Y5lYF8hD2jg#7722#7732
fire_crackling	ybnLiuOk7k8#199#209
fire_crackling	YEfBzA8xCB4#2560#2570
fire_crackling	zEN_9bHU96U#2062#2072
fire_crackling	ZOAExL-xIDM#25170#25180
fire_crackling	_deFeO_gnwc#178#188
fire_crackling	_O5zASuld4k#463#473
raining	-Rq1BtCE_yo#21140#21150
raining	07jWvsTfWXk#89#99
raining	0aYE1kqKtiM#23581#23591
raining	0tFLcs4dAhs#34014#34024
raining	0tFLcs4dAhs#7799#7809
raining	1boT-1cjSpw#1474#1484
raining	2Cs2nmRH6fY#29619#29629
raining	310MMIrzGPU#135#145
raining	310MMIrzGPU#656#666
raining	3JrbhFweT_Q#287#297
raining	3oioWytRiTg#2600#2610
raining	4ASgU109j1s#1409#1419
raining	59_AtP0RW0k#1330#1340
raining	59_AtP0RW0k#1849#1859
raining	5em6w-_chK0#12725#12735
raining	5lR9wiBHcRc#1071#1081
raining	5lR9wiBHcRc#308#318
raining	5ngN2J-kMHE#23102#23112
raining	6AIVRgAchIo#11211#11221
raining	6AIVRgAchIo#2837#2847
raining	6PXME1DjsEs#241#251
raining	6PXME1DjsEs#576#586
raining	73uLb6Zc03A#3240#3250
raining	75xv_NP0zEs#479#489
raining	75xv_NP0zEs#614#624
raining	7L9PuJu1K6o#2465#2475
raining	8eIGZPwqT2U#2684#2694
raining	8VU8FKTSTAo#2096#2106
raining	95vSj5xpxLg#324#334
raining	9QneqUhCVtU#17983#17993
raining	A5-hlx-K51k#783#793
raining	A5-hlx-K51k#8747#8757
raining	aoiD56pdZ6I#14004#14014
raining	aoiD56pdZ6I#17553#17563
raining	AOZ3AZY_Yq8#8113#8123
raining	b4uSHAw62A0#1288#1298
raining	Bjken4UdJQs#30786#30796
raining	BQN1r7K9Vwg#558#568
raining	CBxwZ38s8PE#126#136
raining	cFRcqnCpqoo#4234#4244
raining	d3_vKkvQ95k#1387#1397
raining	d3_vKkvQ95k#3453#3463
raining	d9Z23EzMngU#13568#13578
raining	ddgKvX3v8Vc#880#890
raining	Djx8FyMRIaU#548#558
raining	dtuNXcpchiI#907#917
raining	E6KAsuTzYkQ#1569#1579
raining	ErD5El3t9Yw#33507#33517
raining	ErD5El3t9Yw#5453#5463
raining	eThkr5iSbwU#15794#15804
raining	EYv8PaIwgGk#2552#2562
raining	F3nRSbGakqI#522#532
raining	fp14mKctaZc#1554#1564
raining	fp14mKctaZc#3456#3466
raining	fUF6dsWN5HQ#5448#5458
raining	gZ6pbDs27-M#202#212
raining	gZ6pbDs27-M#8082#8092
raining	hCqsqab2eTg#266#276
raining	HrO74lj5QBs#17620#17630
raining	I8zbcDDa8gQ#2295#2305
raining	I8zbcDDa8gQ#2618#2628
raining	IhM1ODkIZew#1001#1011
raining	iYpLfnMV2bs#2147#2157
raining	JR7xo6NodPg#1232#1242
raining	JR7xo6NodPg#712#722
raining	jU0KzKRUtw4#4475#4485
raining	JykQbg5W9i8#1042#1052
raining	KDFwztK31og#6833#6843
raining	kFCko1dRjoc#9487#9497
raining	KpGe8TTNRAo#7760#7770
raining	kzbJbd3pFDY#13419#13429
raining	L5khXsKgj4M#16226#16236
raining	L5khXsKgj4M#6117#6127
raining	L9_O6gJwG5g#16672#16682
raining	L9_O6gJwG5g#8430#8440
raining	lQ0fS2meTYQ#33186#33196
raining	MAIjytZJI0U#26676#26686
raining	mI-0nuBf-j0#3717#3727
raining	MjiVhwMSiQo#124#134
raining	MVujKEiuXDc#289#299
raining	MVxbOrUFlZ0#1461#1471
raining	MVxbOrUFlZ0#506#516
raining	n0MffS4B6IU#469#479
raining	n5IkQ4wtbHc#1556#1566
raining	Nj5CUrb4-Tk#12630#12640
raining	NkTyGjH7izQ#945#955
raining	NVFr9TiG7mI#2807#2817
raining	OdA4HPPnQxA#15610#15620
raining	oe3AjT5_GK8#2174#2184
raining	oeI4Ulg0q_c#31545#31555
raining	onDYZsV8Wgk#2899#2909
raining	Oo5NYh4xhfI#709#719
raining	Oo5NYh4xhfI#783#793
raining	OQFNfcKbnzY#2485#2495
raining	P-94kfopAjo#24621#24631
raining	peMTbtcvENo#17451#17461
raining	PR516WiXDgQ#887#897
raining	QK8elrcOrrE#13470#13480
raining	QRmRSnkjP6c#35908#35918
raining	R1dyl0qw6k4#395#405
raining	R1dyl0qw6k4#526#536
raining	R6bEJT5xIM0#1169#1179
raining	RJjr5yyODE4#143#153
raining	SaS5r-WZN78#9326#9336
raining	sob8r6LWwGU#2744#2754
raining	stxMSE2ecMQ#3363#3373
raining	TIDBAcOIB6Q#84#94
raining	tuWIRGQidhQ#2086#2096
raining	ubNfkpbxXUs#13652#13662
raining	ueGIF6u37vY#685#695
raining	ueWdXFMXEIc#5136#5146
raining	uMUc59apwpo#5896#5906
raining	UOGaC9QlHaE#3254#3264
raining	uordO2vHjjI#6778#6788
raining	VCrk92XSHWY#5286#5296
raining	Vndv8u0CFlo#3454#3464
raining	VtgvkG8e2go#5670#5680
raining	VtgvkG8e2go#8605#8615
raining	vvDYVaTjkbc#3060#3070
raining	W0bk_17JKSk#28302#28312
raining	WTRTuW72MHw#2668#2678
raining	wtyPEhr0eL0#1671#1681
raining	XPFuadeypCQ#614#624
raining	ye8YHcVWDec#218#228
raining	YJybSatcxYU#1960#1970
raining	YsUbHfE4n88#323#333
raining	YTis5Rm5kE8#491#501
raining	Z7kgwmfNlv8#960#970
raining	ZoBkboMXvrQ#1455#1465
raining	ZoBkboMXvrQ#222#232
raining	ZxGqX1cJdSQ#5731#5741
raining	_baULatV7Fc#29296#29306
raining	_MARMhUrB38#4625#4635
raining	_VkLakwgP3o#7667#7677
raining	_VkLakwgP3o#9155#9165
splashing_water	-EY3MpibkOE#750#760
splashing_water	-EY3MpibkOE#7620#7630
splashing_water	-pwx8GH46Hw#262#272
splashing_water	-pwx8GH46Hw#278#288
splashing_water	0ANLBX2EgmM#11410#11420
splashing_water	0ANLBX2EgmM#19099#19109
splashing_water	0w712_FeYMY#127#137
splashing_water	0w712_FeYMY#314#324
splashing_water	17pqA2Oz568#15354#15364
splashing_water	17pqA2Oz568#6453#6463
splashing_water	1NikaGNdoTE#31096#31106
splashing_water	1Te6cgIc7i8#9741#9751
splashing_water	1V3oSwkdEVs#173#183
splashing_water	1V3oSwkdEVs#1773#1783
splashing_water	25dkyfDFAac#1608#1618
splashing_water	25dkyfDFAac#379#389
splashing_water	2i4b3kQoZao#2815#2825
splashing_water	2i4b3kQoZao#6404#6414
splashing_water	2ZdkyENFoqc#2238#2248
splashing_water	2ZdkyENFoqc#3873#3883
splashing_water	2_gH_XfgMKg#114#124
splashing_water	2_gH_XfgMKg#2350#2360
splashing_water	38hvlP3LBbY#10280#10290
splashing_water	38hvlP3LBbY#7503#7513
splashing_water	3DYyXme1nYg#484#494
splashing_water	3DYyXme1nYg#699#709
splashing_water	3eMsOo3Nbfg#287#297
splashing_water	3GtZhVsnJn4#3500#3510
splashing_water	3GtZhVsnJn4#575#585
splashing_water	3O7z2-h2zu4#1702#1712
splashing_water	3O7z2-h2zu4#19482#19492
splashing_water	3vmlIGCUY60#1501#1511
splashing_water	3vmlIGCUY60#3042#3052
splashing_water	3y3TXbkX_8k#1604#1614
splashing_water	4aM_AgHh8xc#1461#1471
splashing_water	4aM_AgHh8xc#172#182
splashing_water	4Cb94BxdYyA#3397#3407
splashing_water	4Cb94BxdYyA#971#981
splashing_water	4fzJQ0tYOAE#429#439
splashing_water	4fzJQ0tYOAE#537#547
splashing_water	4nZyKfamCJ8#472#482
splashing_water	4nZyKfamCJ8#76#86
splashing_water	4rBvTuOMtEk#21354#21364
splashing_water	4rBvTuOMtEk#24761#24771
splashing_water	4Xjr-O335VQ#1654#1664
splashing_water	4Xjr-O335VQ#6913#6923
splashing_water	5-VqL0fmPSE#1329#1339
splashing_water	5g_2kBMmuBE#24813#24823
splashing_water	5mL_INKdIrY#551#561
splashing_water	5PyLgaqvYhA#627#637
splashing_water	5uOcC-A-EvY#421#431
splashing_water	6FEaBrVWDgM#1819#1829
splashing_water	6kiALFj_7QQ#591#601
splashing_water	7Nuj5140aLE#2021#2031
splashing_water	8Jd9q8mWBPk#168#178
splashing_water	8NUM31a-Igk#127#137
splashing_water	8Oo3lLijWaE#6014#6024
splashing_water	9asGDOPUVVA#5062#5072
splashing_water	9On6WooT2m4#159#169
splashing_water	atJjZPsvTek#3130#3140
splashing_water	aUBv51qlnBQ#20#30
splashing_water	AV0TjQZPc_0#679#689
splashing_water	AwFoACBvpnQ#6#16
splashing_water	Ax1Hxwi303U#211#221
splashing_water	AZ7u2_VPr8I#1932#1942
splashing_water	B5EHeVLSA4o#23068#23078
splashing_water	b5LxZb23CUQ#295#305
splashing_water	b7EzXFveBtk#3013#3023
splashing_water	bAtvCJmwzMg#754#764
splashing_water	BczK6nznDkM#2760#2770
splashing_water	BiOZHuGI4NI#1403#1413
splashing_water	BO9GRKYfNJA#417#427
splashing_water	bUntI90An-U#2540#2550
splashing_water	Cf-7EuQeF_o#15078#15088
splashing_water	CmywerDbdR4#324#334
splashing_water	cmZkv0FnWWU#510#520
splashing_water	cO_IFJaWmhA#3720#3730
splashing_water	cRE8DHjNWck#5531#5541
splashing_water	cw8YK04KKRM#382#392
splashing_water	cYKG11ast7Q#16274#16284
splashing_water	DHrbUgmlTOA#3132#3142
splashing_water	E4C6Pb5d4Yw#1735#1745
splashing_water	E7qRkUYu580#1232#1242
splashing_water	E9TDXXv_RUE#3136#3146
splashing_water	Egc45u4quPk#2010#2020
splashing_water	EOoSkW99qLA#1281#1291
splashing_water	G4CQQcU1_Ww#9984#9994
splashing_water	GaGK7Ifnusg#5097#5107
splashing_water	GogsbiJgOuw#3723#3733
splashing_water	HdhL43ckp6I#3545#3555
splashing_water	HIP1kTJ3vms#60#70
splashing_water	HoSeSuj58VY#574#584
splashing_water	HxxymYoXosE#1971#1981
splashing_water	ICh2ImrOfT8#5307#5317
splashing_water	IeCCQZ8fmuA#2179#2189
splashing_water	JekUNGo-RVk#22986#22996
splashing_water	JmhWMRN_DT0#3408#3418
splashing_water	JnkQQuIzByo#15850#15860
splashing_water	JZbXjQHmkzo#28942#28952
splashing_water	KjodWq_zYv0#779#789
splashing_water	KSMnVUB0GWs#302#312
splashing_water	L30Pc-4Rkfg#210#220
splashing_water	M8r0-gj-eG8#93#103
splashing_water	MUhdGUJdcCY#1182#1192
splashing_water	Nuh2H9W1Qo0#93#103
splashing_water	Nxml2XfDock#1405#1415
splashing_water	O-haE6qqohA#28676#28686
splashing_water	ObGY3_gOoaY#2005#2015
splashing_water	OIhlLXvEKd4#10221#10231
splashing_water	OjPgeXHjM9k#561#571
splashing_water	PelLdH2SapI#17210#17220
splashing_water	PRy83hnGBUw#3376#3386
splashing_water	Qo3OM5sPUPM#2254#2264
splashing_water	QZOzfoqt_UY#9354#9364
splashing_water	Sl_bUcFDf3A#3736#3746
splashing_water	SzmtdpXTSb8#10359#10369
splashing_water	Td9JPccgz8U#4231#4241
splashing_water	U09HqP4HkKQ#471#481
splashing_water	U22mj35rYZM#2997#3007
splashing_water	Uj25WLM6YFo#9414#9424
splashing_water	UnhZ_Pt1_P4#2901#2911
splashing_water	W8BJIdiHXjw#16343#16353
splashing_water	WHtoy5ZShrw#590#600
splashing_water	WllPKiU579Y#2887#2897
splashing_water	WwSFmC5FtX0#23239#23249
splashing_water	Xj0B9ttLTuc#5890#5900
splashing_water	XpUL0h-2qLs#2845#2855
splashing_water	XRj751xgPjk#930#940
splashing_water	_LMR0svjlzQ#6887#6897
splashing_water	_QB56FuiF68#789#799
splashing_water	_Ujn220Suyo#791#801
squishing_water	-0L2mfa01pE#8051#8061
squishing_water	0EY28tdiFlc#6269#6279
squishing_water	0yhFZwGmFjw#4956#4966
squishing_water	1t7g690boao#375#385
squishing_water	2IcdEJ4Jhs0#7081#7091
squishing_water	3pEZQ1VnECY#9667#9677
squishing_water	3raVUTPAd-w#1961#1971
squishing_water	4AwXmDjXCH4#8178#8188
squishing_water	4himVgExTDM#10073#10083
squishing_water	4KlE5wN4n3E#6941#6951
squishing_water	4nAOEAisdTg#21767#21777
squishing_water	4oakHfGgnhk#13508#13518
squishing_water	5LqfiloN5l0#35#45
squishing_water	5Znklmom-5o#3522#3532
squishing_water	6bq1fGI__7g#13250#13260
squishing_water	6f0y1Iaorug#11078#11088
squishing_water	6uhRxK_EOm4#24413#24423
squishing_water	78GOZ1PMp7k#3025#3035
squishing_water	7z3WslNS-bc#20225#20235
squishing_water	86m8pAiN8cw#679#689
squishing_water	8dbIQJAcJdE#9460#9470
squishing_water	8hWyLzBSFJc#108#118
squishing_water	8uNcA1J1THY#311#321
squishing_water	9arfc9VGHxQ#2309#2319
squishing_water	AknR7JbR2RI#646#656
squishing_water	alVduPOF9s4#1788#1798
squishing_water	AnkRC4vINJE#547#557
squishing_water	aZTEFWQtQ7E#3552#3562
squishing_water	B1T06UhcX0Q#5708#5718
squishing_water	b6xP3XYX5jw#10694#10704
squishing_water	BfkvBw2wrVE#6478#6488
squishing_water	blAB_JqAJNw#22998#23008
squishing_water	bn9F19Hi1Lk#10507#10517
squishing_water	c88vRICwCiY#5595#5605
squishing_water	cPATDwEBISg#228#238
squishing_water	CTRmgF5N_h4#101#111
squishing_water	czCHvDY23fc#676#686
squishing_water	DGIXT7ce3vQ#8756#8766
squishing_water	dJTrynSEgKA#62#72
squishing_water	DOG3plipDhU#1527#1537
squishing_water	DTh8m5meRAQ#262#272
squishing_water	dtR2U-KsE3g#5623#5633
squishing_water	Dt_jk3JKEsU#16035#16045
squishing_water	DURYb3TZO0U#5233#5243
squishing_water	dyBWKs-sLBk#42#52
squishing_water	E-lbpHIkaTo#2849#2859
squishing_water	E8fiyj1hNwk#12058#12068
squishing_water	ECDs8nI1eQA#327#337
squishing_water	ec_xGmM_tJc#27824#27834
squishing_water	eDvQv1U53zg#13056#13066
squishing_water	EjZG-UZxlHA#17525#17535
squishing_water	EVg-ID_2_QE#3375#3385
squishing_water	fFyT-3XN7P0#2778#2788
squishing_water	FnTzjLbV-YY#12148#12158
squishing_water	FZr-iCBmukw#2949#2959
squishing_water	G0V03NT_S2g#4976#4986
squishing_water	GNR3zucc4X4#2298#2308
squishing_water	gVWEHZ2uj5A#81#91
squishing_water	hcpoIxYIDG8#714#724
squishing_water	hdgJNqbLiYg#3379#3389
squishing_water	hEh8W7Vyuys#33450#33460
squishing_water	HFwXxNygHrw#3136#3146
squishing_water	hPKOjtthSIA#5458#5468
squishing_water	HTc_2XmKK-M#3122#3132
squishing_water	IadsLclBOS8#2561#2571
squishing_water	ilqlSBYfCGs#14551#14561
squishing_water	IvjMgVS6kng#8224#8234
squishing_water	J36FieuyUi0#12730#12740
squishing_water	jGiBBq7dBpk#20597#20607
squishing_water	jJkEiw6Gh0U#265#275
squishing_water	JNyBc8a_hGY#4811#4821
squishing_water	JsEbVpTCd90#23941#23951
squishing_water	jyVVO8XpITI#1079#1089
squishing_water	KDUYy3xwCFs#22501#22511
squishing_water	kGNWt9XVnU8#2354#2364
squishing_water	Kjp9RDm_2qc#6908#6918
squishing_water	kjpceMjF7j4#314#324
squishing_water	KljCauisAFc#2202#2212
squishing_water	KneouT_z1-U#19330#19340
squishing_water	l421II0duVg#15202#15212
squishing_water	L9WT-F0RE-M#3094#3104
squishing_water	Ld8LPhJhdAg#2008#2018
squishing_water	lkgwvh9KwPM#710#720
squishing_water	LSCfFgF3l40#25506#25516
squishing_water	LT6M7uLvZ3I#7967#7977
squishing_water	lvHRgREuwRw#290#300
squishing_water	MD0tXdSsnBA#938#948
squishing_water	mFfpIpc6gXk#3023#3033
squishing_water	mP6S4fUBu58#1158#1168
squishing_water	N-8rZy3PK5I#8181#8191
squishing_water	n8ucUJ6Q_BQ#1711#1721
squishing_water	n9uMYY7tUfA#259#269
squishing_water	nlmeHiOJehM#1154#1164
squishing_water	nn3wvAN15Ys#1264#1274
squishing_water	NNp08pT3G8g#2025#2035
squishing_water	nPit8KqqFwI#4980#4990
squishing_water	nSJ67PGjQfQ#2019#2029
squishing_water	o3z0jEYIdFM#9858#9868
squishing_water	o4zEYvQlk-U#4365#4375
squishing_water	OlbOMdWcKFI#5529#5539
squishing_water	oz3jpcRJ1MA#3175#3185
squishing_water	P47ItJ7tIzE#1468#1478
squishing_water	p63DBOqFTcY#268#278
squishing_water	PbdpECkFWEU#8236#8246
squishing_water	PfQWMrLO3hQ#6120#6130
squishing_water	ph0gl0mSKdI#81#91
squishing_water	phwdPM1u5F8#178#188
squishing_water	PpRhiAQU41U#6748#6758
squishing_water	q-sWpIyXW9o#13709#13719
squishing_water	q37I1_msvFc#164#174
squishing_water	q3b0Hr-D6pM#447#457
squishing_water	q7Avnx1gadQ#332#342
squishing_water	qHvN9jXLv8A#979#989
squishing_water	QUnmH1cOOpE#10788#10798
squishing_water	QXe727SaE54#10058#10068
squishing_water	RC_N8sHR-3I#2760#2770
squishing_water	SgAFhfqItx0#1378#1388
squishing_water	Tr_vejE-ayo#2575#2585
squishing_water	UmtkYk3pMxw#7093#7103
squishing_water	UxHo9gEtm4E#1268#1278
squishing_water	UyZfCrrdbm8#9309#9319
squishing_water	VEM9TTCJB9U#2831#2841
squishing_water	VH8ybWrLR8Q#29079#29089
squishing_water	Wf0rbmmqnHE#468#478
squishing_water	WHPEKLQID4U#28034#28044
squishing_water	WojSG4m052g#2671#2681
squishing_water	WT5XxY-QZeg#274#284
squishing_water	WxfmULzzKoU#6147#6157
squishing_water	XhxYfqzmSaw#2977#2987
squishing_water	Xn8tufsbSz0#4484#4494
squishing_water	YupZM5Tpldc#8799#8809
squishing_water	ZMNchD9olLQ#415#425
squishing_water	_dkdFEb0vwc#988#998
squishing_water	_E1Q0KHs_Is#27640#27650
thunder	-WrD5DwI6_4#2315#2325
thunder	0AwU6lVxS3U#30255#30265
thunder	0AwU6lVxS3U#6847#6857
thunder	0W1h05JCqTw#1559#1569
thunder	0W1h05JCqTw#596#606
thunder	2JBFvf9DYIQ#295#305
thunder	2JBFvf9DYIQ#309#319
thunder	3aezPSwUf4s#3540#3550
thunder	3aezPSwUf4s#626#636
thunder	3Gwsle4rTII#14641#14651
thunder	3Gwsle4rTII#565#575
thunder	7TFSC-7GBQ0#22163#22173
thunder	7TFSC-7GBQ0#6871#6881
thunder	8ZK9NHwpi7I#16426#16436
thunder	AsD5u6k6dKI#7825#7835
thunder	AsD5u6k6dKI#7920#7930
thunder	BP5ewiUj2fA#19268#19278
thunder	BP5ewiUj2fA#20467#20477
thunder	bWD0deOJu34#17884#17894
thunder	bWD0deOJu34#22809#22819
thunder	Cl81XsrxGxg#11416#11426
thunder	CRtLJ0dS6C4#640#650
thunder	cx8ZUCFI20Y#6144#6154
thunder	cx8ZUCFI20Y#9937#9947
thunder	dva7eX6tikc#363#373
thunder	dva7eX6tikc#440#450
thunder	E6JO0WfnFQ0#1315#1325
thunder	E6JO0WfnFQ0#524#534
thunder	f-6-m70CNTo#2771#2781
thunder	f-6-m70CNTo#43#53
thunder	fkFiIhDR_nc#2778#2788
thunder	fkFiIhDR_nc#7763#7773
thunder	gVKEM4K8J8A#10901#10911
thunder	gVKEM4K8J8A#7519#7529
thunder	Gz-jBbuqHZg#28364#28374
thunder	Gz-jBbuqHZg#7610#7620
thunder	HerMqzzkSd8#184#194
thunder	HerMqzzkSd8#253#263
thunder	iRVszhxP7SQ#6513#6523
thunder	Le-fXXaqb7M#14614#14624
thunder	Le-fXXaqb7M#7056#7066
thunder	LQOt1PccESY#101#111
thunder	LQOt1PccESY#104#114
thunder	LqulfIzufHY#13397#13407
thunder	lsIrEA1dR3I#12250#12260
thunder	lsIrEA1dR3I#16987#16997
thunder	NOAk-tr8Xxw#1032#1042
thunder	O2gfMDnATMw#12360#12370
thunder	O2gfMDnATMw#18789#18799
thunder	q6XlcY7rL0k#25545#25555
thunder	QxS6PpMArMU#19473#19483
thunder	QxS6PpMArMU#25181#25191
thunder	qYDfWUxhsIY#3270#3280
thunder	Uj0DuD92TIk#2446#2456
thunder	Uj0DuD92TIk#7597#7607
thunder	V3-Ex0WOrI8#517#527
thunder	V3-Ex0WOrI8#63#73
thunder	vU3misJFgTI#21301#21311
thunder	WBzodnSrjG8#11134#11144
thunder	WBzodnSrjG8#7798#7808
thunder	x-dA_NblstA#2374#2384
thunder	x-dA_NblstA#2774#2784
thunder	xT_M7B6yeiI#4050#4060
thunder	xytAfoU1d78#29548#29558
thunder	yGxru_aejY4#1401#1411
thunder	Ytp0-rBCgE8#21365#21375
thunder	YUlXtTRi-Qg#8617#8627
thunder	YUlXtTRi-Qg#9453#9463
thunder	ZcL-2m0BlnY#2282#2292
thunder	Zhq_ThHG2gA#1171#1181
thunder	zrsny_TKqtE#753#763
underwater_bubbling	-4btXeiiBek#3207#3217
underwater_bubbling	-xFSyOIyC-I#20521#20531
underwater_bubbling	07qdE6ZUQzU#17#27
underwater_bubbling	07qdE6ZUQzU#8#18
underwater_bubbling	1i79N_6wuIA#5680#5690
underwater_bubbling	2Jik9Mxn0NU#15999#16009
underwater_bubbling	2Jik9Mxn0NU#7668#7678
underwater_bubbling	3pWg8HSi7is#2358#2368
underwater_bubbling	3pWg8HSi7is#2816#2826
underwater_bubbling	4N9yDU2Ui_I#2478#2488
underwater_bubbling	4N9yDU2Ui_I#3262#3272
underwater_bubbling	590pRbhWi78#155#165
underwater_bubbling	6KPbFgPK0Bw#13498#13508
underwater_bubbling	6KPbFgPK0Bw#9803#9813
underwater_bubbling	7mtLmLbQ2nE#220#230
underwater_bubbling	8E16dL1w8ZI#66#76
underwater_bubbling	8E16dL1w8ZI#74#84
underwater_bubbling	8gORgKNAJAc#2#12
underwater_bubbling	8JZAKBjg8xA#167#177
underwater_bubbling	8JZAKBjg8xA#49#59
underwater_bubbling	8L0HHaxfRmM#27393#27403
underwater_bubbling	8L0HHaxfRmM#30102#30112
underwater_bubbling	9bEOKfr_BvI#28731#28741
underwater_bubbling	9qm5kInqZlc#334#344
underwater_bubbling	9qm5kInqZlc#409#419
underwater_bubbling	BesNLp7Giso#12569#12579
underwater_bubbling	BesNLp7Giso#8290#8300
underwater_bubbling	cQcUcA-9roE#1657#1667
underwater_bubbling	cQcUcA-9roE#2918#2928
underwater_bubbling	CtgSWrOKA4s#3947#3957
underwater_bubbling	CtgSWrOKA4s#5810#5820
underwater_bubbling	d4Q_1UegaQ0#5525#5535
underwater_bubbling	d4Q_1UegaQ0#9067#9077
underwater_bubbling	DeRXt9oAIK0#24216#24226
underwater_bubbling	DeRXt9oAIK0#5964#5974
underwater_bubbling	Dwfo_Nh3KPs#9477#9487
underwater_bubbling	dx7RT8zf-mw#299#309
underwater_bubbling	e3iwRoYYqzU#91#101
underwater_bubbling	e3iwRoYYqzU#97#107
underwater_bubbling	e6hvY6iknhE#27#37
underwater_bubbling	e6hvY6iknhE#39#49
underwater_bubbling	eEyEX05M_hI#1038#1048
underwater_bubbling	ehI_S89tHC0#115#125
underwater_bubbling	ehI_S89tHC0#227#237
underwater_bubbling	enQxo_fMZ8c#551#561
underwater_bubbling	eQqdXTZXuHg#2#12
underwater_bubbling	eQqdXTZXuHg#3#13
underwater_bubbling	Fb7ybBHo2oY#900#910
underwater_bubbling	FbkUGkNRySU#230#240
underwater_bubbling	FbkUGkNRySU#423#433
underwater_bubbling	fDNCZbY9hic#23#33
underwater_bubbling	fDNCZbY9hic#31#41
underwater_bubbling	fKgWkA07LmM#223#233
underwater_bubbling	fuS3cyc2U1M#1857#1867
underwater_bubbling	fuS3cyc2U1M#2228#2238
underwater_bubbling	fZy7gH0a7-Q#1504#1514
underwater_bubbling	G5Mr3NuHjaI#1323#1333
underwater_bubbling	G5Mr3NuHjaI#5347#5357
underwater_bubbling	G7Swt5hpvBE#2568#2578
underwater_bubbling	GENc5V3kNbY#152#162
underwater_bubbling	gLSl6kS4htE#98#108
underwater_bubbling	gZXmc9JNPBM#4#14
underwater_bubbling	gZXmc9JNPBM#42#52
underwater_bubbling	i8CN1UV98vM#1851#1861
underwater_bubbling	i8CN1UV98vM#2523#2533
underwater_bubbling	i9jhcZlMO7E#176#186
underwater_bubbling	i9jhcZlMO7E#78#88
underwater_bubbling	JrTaNsYJL3I#1024#1034
underwater_bubbling	lK44mcK_PGo#15764#15774
underwater_bubbling	mzdhIEhGYCc#7#17
underwater_bubbling	mZZ6wywiGq0#1579#1589
underwater_bubbling	mZZ6wywiGq0#2397#2407
underwater_bubbling	nb5csmRinGE#17#27
underwater_bubbling	nb5csmRinGE#21#31
underwater_bubbling	njgpGkioQcE#3031#3041
underwater_bubbling	njgpGkioQcE#3681#3691
underwater_bubbling	NopKbooRRHs#2977#2987
underwater_bubbling	NopKbooRRHs#376#386
underwater_bubbling	oK51h5cPCWM#1#11
underwater_bubbling	oK51h5cPCWM#3#13
underwater_bubbling	p7oVVBW_BHw#234#244
underwater_bubbling	p7oVVBW_BHw#33#43
underwater_bubbling	PD8SM1HTuAo#115#125
underwater_bubbling	PD8SM1HTuAo#76#86
underwater_bubbling	pNC1gD5jKIM#794#804
underwater_bubbling	Qa24DFqfIUg#20277#20287
underwater_bubbling	qAVHeqdl2Rw#137#147
underwater_bubbling	qAVHeqdl2Rw#64#74
underwater_bubbling	qO25aTLGl10#27#37
underwater_bubbling	R4oau83-XBI#133#143
underwater_bubbling	Rm9T5YCJLl0#27#37
underwater_bubbling	S21JoZJ5myI#7#17
underwater_bubbling	S21JoZJ5myI#8#18
underwater_bubbling	srlEjOqV2tE#72#82
underwater_bubbling	UffpfazeoMw#12#22
underwater_bubbling	UffpfazeoMw#48#58
underwater_bubbling	UOkcvGPHsgk#101#111
underwater_bubbling	UOkcvGPHsgk#120#130
underwater_bubbling	v4BTqTX6uzQ#775#785
underwater_bubbling	wk3dRb8B9hI#5279#5289
underwater_bubbling	wk3dRb8B9hI#656#666
underwater_bubbling	WphyHLsqV7s#6#16
underwater_bubbling	yB5Taq3jdzM#3417#3427
underwater_bubbling	yB5Taq3jdzM#5214#5224
underwater_bubbling	ZwEqT_nhm-c#2644#2654
underwater_bubbling	ZWMwuYH6Ahw#30#40
underwater_bubbling	ZWMwuYH6Ahw#50#60
underwater_bubbling	_Qpy0Pocvn4#172#182
waterfall_burbling	0ioN_Xwap-g#13310#13320
waterfall_burbling	1t7g690boao#831#841
waterfall_burbling	1t7g690boao#8805#8815
waterfall_burbling	6uhRxK_EOm4#13384#13394
waterfall_burbling	6uhRxK_EOm4#30674#30684
waterfall_burbling	8NEIcg-vw6U#13206#13216
waterfall_burbling	8NEIcg-vw6U#31937#31947
waterfall_burbling	aj8VJ0i-Cr4#16226#16236
waterfall_burbling	aj8VJ0i-Cr4#22646#22656
waterfall_burbling	auVd4o019ZI#3374#3384
waterfall_burbling	auVd4o019ZI#5178#5188
waterfall_burbling	bzUdrbKVAcM#22582#22592
waterfall_burbling	bzUdrbKVAcM#32869#32879
waterfall_burbling	CC51i77e5ds#10099#10109
waterfall_burbling	CC51i77e5ds#12278#12288
waterfall_burbling	cfcgFEfZwVs#15576#15586
waterfall_burbling	cfcgFEfZwVs#24980#24990
waterfall_burbling	csCkPOCZdTM#632#642
waterfall_burbling	FF2bhR7s3VY#272#282
waterfall_burbling	FF2bhR7s3VY#592#602
waterfall_burbling	g45jXV-fg2E#22705#22715
waterfall_burbling	g45jXV-fg2E#5318#5328
waterfall_burbling	GzouLimiWFo#6507#6517
waterfall_burbling	GzouLimiWFo#7392#7402
waterfall_burbling	IhOdds5WX1U#17002#17012
waterfall_burbling	IhOdds5WX1U#3105#3115
waterfall_burbling	Io5nOXqUPtk#14021#14031
waterfall_burbling	Io5nOXqUPtk#26180#26190
waterfall_burbling	iXQ4AyyJSEk#21774#21784
waterfall_burbling	iXQ4AyyJSEk#26827#26837
waterfall_burbling	ixr0Plq0T2M#21088#21098
waterfall_burbling	ixr0Plq0T2M#28971#28981
waterfall_burbling	kg3ElG-H7Wo#23435#23445
waterfall_burbling	k_B-ohL2-7I#2619#2629
waterfall_burbling	k_B-ohL2-7I#3054#3064
waterfall_burbling	MsArDMDZi5I#32675#32685
waterfall_burbling	nE_XAauwu1I#22786#22796
waterfall_burbling	nE_XAauwu1I#5841#5851
waterfall_burbling	o4zEYvQlk-U#3113#3123
waterfall_burbling	o4zEYvQlk-U#4237#4247
waterfall_burbling	pyCy3xnvJ5c#276#286
waterfall_burbling	pyCy3xnvJ5c#9267#9277
waterfall_burbling	uCnoOZKRcPw#1583#1593
waterfall_burbling	uCnoOZKRcPw#2117#2127
waterfall_burbling	UNSKJC2yv6I#5594#5604
waterfall_burbling	vemLEwjIxow#135#145
waterfall_burbling	vemLEwjIxow#27535#27545
waterfall_burbling	y_FfBCx6bBM#17878#17888
waterfall_burbling	y_FfBCx6bBM#3543#3553
wind_noise	-fsnve5QduA#21413#21423
wind_noise	-LHN7UNH-es#2419#2429
wind_noise	-NDgHRfm0KA#1895#1905
wind_noise	-TF3SkpKu_s#2512#2522
wind_noise	-UavdSJVvrc#1291#1301
wind_noise	-__pcu_OEGI#543#553
wind_noise	09mQW9ijOHg#575#585
wind_noise	0fHaQdacCmM#1384#1394
wind_noise	1ElqY3Q01Ig#6365#6375
wind_noise	1GQu4LRBzFk#1626#1636
wind_noise	1RJIHqy9fco#6966#6976
wind_noise	31QAuyCaMz8#531#541
wind_noise	3eILoQChD_A#12578#12588
wind_noise	3flRnpLKRoI#14989#14999
wind_noise	45NOwI4IROo#2843#2853
wind_noise	4b15pVUHXFQ#51#61
wind_noise	4KovtSLtZio#2784#2794
wind_noise	4KzFe50RQkQ#1123#1133
wind_noise	4lrHBXSzl4A#1772#1782
wind_noise	6aviLVB1g9A#513#523
wind_noise	6ddO3jPUFpg#4499#4509
wind_noise	6EeiVBkp1lQ#1663#1673
wind_noise	6IYCQuZdAmw#3475#3485
wind_noise	6PNhOWygsgQ#438#448
wind_noise	7GFpvaAYHyw#123#133
wind_noise	7J0A8caUGos#4#14
wind_noise	7WPsftkv1ZY#646#656
wind_noise	9-tOXQLFyNE#5410#5420
wind_noise	93lllQUtsXk#9414#9424
wind_noise	9GZsa-hD2uw#12483#12493
wind_noise	9xI5cLOZtvw#1277#1287
wind_noise	9y0sPgCdrcI#11362#11372
wind_noise	aA40_SLd1kg#3039#3049
wind_noise	an0fbUOz918#3273#3283
wind_noise	ANcELFL9Uok#23778#23788
wind_noise	Ba0VaEIEO6U#16257#16267
wind_noise	bbjMDgMz504#13926#13936
wind_noise	bEvJNrw7OOU#3054#3064
wind_noise	bHrIIay56zU#1201#1211
wind_noise	BlB_DDKaovs#1200#1210
wind_noise	cD1jYoipuDs#2640#2650
wind_noise	CgyyzYVGOdQ#6311#6321
wind_noise	cVdjrtH7Alo#2601#2611
wind_noise	cvQLjfLw644#21783#21793
wind_noise	dByhY9SbbJQ#342#352
wind_noise	dd212H6kjEQ#21389#21399
wind_noise	Dd3nlVcuGXQ#258#268
wind_noise	DEVMmjl8jDU#6195#6205
wind_noise	DgR2njfPqwk#1903#1913
wind_noise	dXGHnRvDH0M#12552#12562
wind_noise	DZsGQVsX9ts#11622#11632
wind_noise	e4jVXy8J3j0#18642#18652
wind_noise	eeYwJeCk7so#7902#7912
wind_noise	ETyk5AE4mD8#28029#28039
wind_noise	fM-4n50F4Is#594#604
wind_noise	FtcFhABKdMY#4465#4475
wind_noise	GdlESTqosg0#2325#2335
wind_noise	gNvuRd21rL8#18688#18698
wind_noise	Gph8pr1KPu4#25618#25628
wind_noise	GqntA0XsWg8#893#903
wind_noise	hAZGUDmuTdA#13128#13138
wind_noise	HdbI1torZ0E#450#460
wind_noise	hlF-kQf0DM8#264#274
wind_noise	HMvwGXxWnbk#1670#1680
wind_noise	HoWw5CL0OUc#1266#1276
wind_noise	hZYSMkLSolc#2259#2269
wind_noise	iO-mUnSjMKM#6989#6999
wind_noise	IRWthZZ7geI#2319#2329
wind_noise	iU4hc-kDLd8#19240#19250
wind_noise	J7ZmPvnSXV0#24402#24412
wind_noise	j9d5GTaGM9Y#21908#21918
wind_noise	Jhm618Og-jQ#5298#5308
wind_noise	JHUouLdiODM#14825#14835
wind_noise	jj3vHOCeCec#2981#2991
wind_noise	kA12lpWUVzA#19232#19242
wind_noise	kisHhE79Pgs#254#264
wind_noise	kkB_Vuq8EBM#3287#3297
wind_noise	KKi2qiuZZWQ#4515#4525
wind_noise	kvO5AOXWHK0#314#324
wind_noise	l7lCXX6R9Bg#133#143
wind_noise	leW_ZjMhCDk#19080#19090
wind_noise	LRgGmH-nCBo#55#65
wind_noise	lWULd19LvaY#17546#17556
wind_noise	lYJ17n_oUkA#2796#2806
wind_noise	mDn-DNVfr-o#605#615
wind_noise	MJ9-HmGWw1k#1546#1556
wind_noise	mN7vsTIyego#33534#33544
wind_noise	mtmB30Prqvs#25838#25848
wind_noise	NHC1FnUTE4I#1381#1391
wind_noise	NRKagDqQiIo#33804#33814
wind_noise	NveAIUhEi3M#15245#15255
wind_noise	oIdp1Je8QLo#1155#1165
wind_noise	oVlGDtLYVsA#1891#1901
wind_noise	oxM0u7eYZZ4#17560#17570
wind_noise	OZ3fJTbLyUE#1532#1542
wind_noise	P0-k2yH-sVs#23970#23980
wind_noise	paxgBifkLfM#13837#13847
wind_noise	pkW1YrX-_sg#4454#4464
wind_noise	PnH2pCmlwfQ#38#48
wind_noise	PVNzldVMB-A#2482#2492
wind_noise	pvyGmfVzYeY#1085#1095
wind_noise	qBAPsQkS8QI#31861#31871
wind_noise	qBT8xVHlgcs#8518#8528
wind_noise	qPp4a8uAr7g#7130#7140
wind_noise	qWC8wNt7vRk#259#269
wind_noise	R5YrSBcBKh4#581#591
wind_noise	RZSht3nW9lM#19023#19033
wind_noise	S62Fp43KeYQ#1913#1923
wind_noise	SdH4W7fIA8I#1217#1227
wind_noise	SMfB1REALp4#4595#4605
wind_noise	SuSVNA21S2A#381#391
wind_noise	SVQVpzLzJpg#1210#1220
wind_noise	TIycpvvmI1U#26748#26758
wind_noise	UgKepzb5Wkw#7578#7588
wind_noise	UiRl6C5_uB8#3227#3237
wind_noise	VkO7b-WBRw4#998#1008
wind_noise	WACwyoiqOJ0#1589#1599
wind_noise	WHeCmI8BBm4#5674#5684
wind_noise	WK25liGte9g#832#842
wind_noise	X5AuQlOEx5g#832#842
wind_noise	XhJ0_1BwALI#40219#40229
wind_noise	XyaZI0qxZWU#3465#3475
wind_noise	YFSI0O1w4lI#203#213
wind_noise	YwkalKraO5Y#7238#7248
wind_noise	Z8Y5G37jqLc#18602#18612
wind_noise	Zp6BjeciSJc#514#524
wind_noise	_YO8rKMCeck#20136#20146
